--
-- PostgreSQL database dump
--

-- Dumped from database version 14.10 (Ubuntu 14.10-0ubuntu0.22.04.1)
-- Dumped by pg_dump version 14.10 (Ubuntu 14.10-0ubuntu0.22.04.1)

SET statement_timeout = 0;
SET lock_timeout = 0;
SET idle_in_transaction_session_timeout = 0;
SET client_encoding = 'UTF8';
SET standard_conforming_strings = on;
SELECT pg_catalog.set_config('search_path', '', false);
SET check_function_bodies = false;
SET xmloption = content;
SET client_min_messages = warning;
SET row_security = off;

SET default_tablespace = '';

SET default_table_access_method = heap;

--
-- Name: auth_group; Type: TABLE; Schema: public; Owner: postgres
--

CREATE TABLE public.auth_group (
    id integer NOT NULL,
    name character varying(150) NOT NULL
);


ALTER TABLE public.auth_group OWNER TO postgres;

--
-- Name: auth_group_id_seq; Type: SEQUENCE; Schema: public; Owner: postgres
--

ALTER TABLE public.auth_group ALTER COLUMN id ADD GENERATED BY DEFAULT AS IDENTITY (
    SEQUENCE NAME public.auth_group_id_seq
    START WITH 1
    INCREMENT BY 1
    NO MINVALUE
    NO MAXVALUE
    CACHE 1
);


--
-- Name: auth_group_permissions; Type: TABLE; Schema: public; Owner: postgres
--

CREATE TABLE public.auth_group_permissions (
    id bigint NOT NULL,
    group_id integer NOT NULL,
    permission_id integer NOT NULL
);


ALTER TABLE public.auth_group_permissions OWNER TO postgres;

--
-- Name: auth_group_permissions_id_seq; Type: SEQUENCE; Schema: public; Owner: postgres
--

ALTER TABLE public.auth_group_permissions ALTER COLUMN id ADD GENERATED BY DEFAULT AS IDENTITY (
    SEQUENCE NAME public.auth_group_permissions_id_seq
    START WITH 1
    INCREMENT BY 1
    NO MINVALUE
    NO MAXVALUE
    CACHE 1
);


--
-- Name: auth_permission; Type: TABLE; Schema: public; Owner: postgres
--

CREATE TABLE public.auth_permission (
    id integer NOT NULL,
    name character varying(255) NOT NULL,
    content_type_id integer NOT NULL,
    codename character varying(100) NOT NULL
);


ALTER TABLE public.auth_permission OWNER TO postgres;

--
-- Name: auth_permission_id_seq; Type: SEQUENCE; Schema: public; Owner: postgres
--

ALTER TABLE public.auth_permission ALTER COLUMN id ADD GENERATED BY DEFAULT AS IDENTITY (
    SEQUENCE NAME public.auth_permission_id_seq
    START WITH 1
    INCREMENT BY 1
    NO MINVALUE
    NO MAXVALUE
    CACHE 1
);


--
-- Name: authtoken_token; Type: TABLE; Schema: public; Owner: postgres
--

CREATE TABLE public.authtoken_token (
    key character varying(40) NOT NULL,
    created timestamp with time zone NOT NULL,
    user_id bigint NOT NULL
);


ALTER TABLE public.authtoken_token OWNER TO postgres;

--
-- Name: component_id_seq; Type: SEQUENCE; Schema: public; Owner: postgres
--

CREATE SEQUENCE public.component_id_seq
    START WITH 1
    INCREMENT BY 1
    NO MINVALUE
    NO MAXVALUE
    CACHE 1;


ALTER TABLE public.component_id_seq OWNER TO postgres;

--
-- Name: component; Type: TABLE; Schema: public; Owner: postgres
--

CREATE TABLE public.component (
    "SHEET_TYPE" character varying(255),
    type character varying(255),
    subtype character varying(255),
    "capex/u.g.s." double precision,
    opex_per_capex double precision,
    "embodied_pe/u.g.s." double precision,
    "embodied_co2/u.g.s." double precision,
    lifetime double precision,
    "Pref_cost" double precision,
    "Pref_env" double precision,
    scale_cost double precision,
    scale_env double precision,
    major_upgrade_point double precision,
    major_upgrade_share double precision,
    annual_performance_degradation double precision,
    replace_or_die character varying(255),
    id integer DEFAULT (nextval('public.component_id_seq'::regclass) - 1) NOT NULL,
    bibliography text,
    description text,
    name character varying(50),
    "IS_MAIN_INVENTORY" boolean
);


ALTER TABLE public.component OWNER TO postgres;

--
-- Name: django_admin_log; Type: TABLE; Schema: public; Owner: postgres
--

CREATE TABLE public.django_admin_log (
    id integer NOT NULL,
    action_time timestamp with time zone NOT NULL,
    object_id text,
    object_repr character varying(200) NOT NULL,
    action_flag smallint NOT NULL,
    change_message text NOT NULL,
    content_type_id integer,
    user_id bigint NOT NULL,
    CONSTRAINT django_admin_log_action_flag_check CHECK ((action_flag >= 0))
);


ALTER TABLE public.django_admin_log OWNER TO postgres;

--
-- Name: django_admin_log_id_seq; Type: SEQUENCE; Schema: public; Owner: postgres
--

ALTER TABLE public.django_admin_log ALTER COLUMN id ADD GENERATED BY DEFAULT AS IDENTITY (
    SEQUENCE NAME public.django_admin_log_id_seq
    START WITH 1
    INCREMENT BY 1
    NO MINVALUE
    NO MAXVALUE
    CACHE 1
);


--
-- Name: django_content_type; Type: TABLE; Schema: public; Owner: postgres
--

CREATE TABLE public.django_content_type (
    id integer NOT NULL,
    app_label character varying(100) NOT NULL,
    model character varying(100) NOT NULL
);


ALTER TABLE public.django_content_type OWNER TO postgres;

--
-- Name: django_content_type_id_seq; Type: SEQUENCE; Schema: public; Owner: postgres
--

ALTER TABLE public.django_content_type ALTER COLUMN id ADD GENERATED BY DEFAULT AS IDENTITY (
    SEQUENCE NAME public.django_content_type_id_seq
    START WITH 1
    INCREMENT BY 1
    NO MINVALUE
    NO MAXVALUE
    CACHE 1
);


--
-- Name: django_migrations; Type: TABLE; Schema: public; Owner: postgres
--

CREATE TABLE public.django_migrations (
    id bigint NOT NULL,
    app character varying(255) NOT NULL,
    name character varying(255) NOT NULL,
    applied timestamp with time zone NOT NULL
);


ALTER TABLE public.django_migrations OWNER TO postgres;

--
-- Name: django_migrations_id_seq; Type: SEQUENCE; Schema: public; Owner: postgres
--

ALTER TABLE public.django_migrations ALTER COLUMN id ADD GENERATED BY DEFAULT AS IDENTITY (
    SEQUENCE NAME public.django_migrations_id_seq
    START WITH 1
    INCREMENT BY 1
    NO MINVALUE
    NO MAXVALUE
    CACHE 1
);


--
-- Name: django_session; Type: TABLE; Schema: public; Owner: postgres
--

CREATE TABLE public.django_session (
    session_key character varying(40) NOT NULL,
    session_data text NOT NULL,
    expire_date timestamp with time zone NOT NULL
);


ALTER TABLE public.django_session OWNER TO postgres;

--
-- Name: inventory_component; Type: TABLE; Schema: public; Owner: postgres
--

CREATE TABLE public.inventory_component (
    name character varying(50) NOT NULL,
    "Pref_env" double precision NOT NULL,
    type character varying(50) NOT NULL,
    subtype character varying(50),
    "capex/u.g.s." double precision NOT NULL,
    opex_per_capex double precision NOT NULL,
    "embodied_pe/u.g.s." double precision NOT NULL,
    "embodied_co2/u.g.s." double precision NOT NULL,
    lifetime double precision NOT NULL,
    "Pref_cost" double precision NOT NULL,
    scale_cost double precision NOT NULL,
    scale_env double precision NOT NULL,
    major_upgrade_point double precision NOT NULL,
    major_upgrade_share double precision NOT NULL,
    annual_performance_degradation double precision NOT NULL,
    replace_or_die character varying(20) NOT NULL,
    "SHEET_TYPE" character varying(20) NOT NULL,
    "IS_MAIN_INVENTORY" boolean NOT NULL,
    bibliography text,
    description text,
    id bigint NOT NULL
);


ALTER TABLE public.inventory_component OWNER TO postgres;

--
-- Name: inventory_component_id_seq; Type: SEQUENCE; Schema: public; Owner: postgres
--

CREATE SEQUENCE public.inventory_component_id_seq
    START WITH 1
    INCREMENT BY 1
    NO MINVALUE
    NO MAXVALUE
    CACHE 1;


ALTER TABLE public.inventory_component_id_seq OWNER TO postgres;

--
-- Name: inventory_component_id_seq; Type: SEQUENCE OWNED BY; Schema: public; Owner: postgres
--

ALTER SEQUENCE public.inventory_component_id_seq OWNED BY public.inventory_component.id;


--
-- Name: inventory_inventory; Type: TABLE; Schema: public; Owner: postgres
--

CREATE TABLE public.inventory_inventory (
    id bigint NOT NULL,
    name character varying(60) NOT NULL,
    project_name character varying(60) NOT NULL,
    created_at timestamp with time zone NOT NULL,
    author_id bigint NOT NULL
);


ALTER TABLE public.inventory_inventory OWNER TO postgres;

--
-- Name: inventory_inventory_components; Type: TABLE; Schema: public; Owner: postgres
--

CREATE TABLE public.inventory_inventory_components (
    id bigint NOT NULL,
    inventory_id bigint NOT NULL,
    component_id bigint NOT NULL
);


ALTER TABLE public.inventory_inventory_components OWNER TO postgres;

--
-- Name: inventory_inventory_components_id_seq; Type: SEQUENCE; Schema: public; Owner: postgres
--

ALTER TABLE public.inventory_inventory_components ALTER COLUMN id ADD GENERATED BY DEFAULT AS IDENTITY (
    SEQUENCE NAME public.inventory_inventory_components_id_seq
    START WITH 1
    INCREMENT BY 1
    NO MINVALUE
    NO MAXVALUE
    CACHE 1
);


--
-- Name: inventory_inventory_id_seq; Type: SEQUENCE; Schema: public; Owner: postgres
--

ALTER TABLE public.inventory_inventory ALTER COLUMN id ADD GENERATED BY DEFAULT AS IDENTITY (
    SEQUENCE NAME public.inventory_inventory_id_seq
    START WITH 1
    INCREMENT BY 1
    NO MINVALUE
    NO MAXVALUE
    CACHE 1
);


--
-- Name: users_customuser; Type: TABLE; Schema: public; Owner: postgres
--

CREATE TABLE public.users_customuser (
    id bigint NOT NULL,
    password character varying(128) NOT NULL,
    last_login timestamp with time zone,
    is_superuser boolean NOT NULL,
    username character varying(150) NOT NULL,
    first_name character varying(150) NOT NULL,
    last_name character varying(150) NOT NULL,
    email character varying(254) NOT NULL,
    is_staff boolean NOT NULL,
    is_active boolean NOT NULL,
    date_joined timestamp with time zone NOT NULL
);


ALTER TABLE public.users_customuser OWNER TO postgres;

--
-- Name: users_customuser_groups; Type: TABLE; Schema: public; Owner: postgres
--

CREATE TABLE public.users_customuser_groups (
    id bigint NOT NULL,
    customuser_id bigint NOT NULL,
    group_id integer NOT NULL
);


ALTER TABLE public.users_customuser_groups OWNER TO postgres;

--
-- Name: users_customuser_groups_id_seq; Type: SEQUENCE; Schema: public; Owner: postgres
--

ALTER TABLE public.users_customuser_groups ALTER COLUMN id ADD GENERATED BY DEFAULT AS IDENTITY (
    SEQUENCE NAME public.users_customuser_groups_id_seq
    START WITH 1
    INCREMENT BY 1
    NO MINVALUE
    NO MAXVALUE
    CACHE 1
);


--
-- Name: users_customuser_id_seq; Type: SEQUENCE; Schema: public; Owner: postgres
--

ALTER TABLE public.users_customuser ALTER COLUMN id ADD GENERATED BY DEFAULT AS IDENTITY (
    SEQUENCE NAME public.users_customuser_id_seq
    START WITH 1
    INCREMENT BY 1
    NO MINVALUE
    NO MAXVALUE
    CACHE 1
);


--
-- Name: users_customuser_user_permissions; Type: TABLE; Schema: public; Owner: postgres
--

CREATE TABLE public.users_customuser_user_permissions (
    id bigint NOT NULL,
    customuser_id bigint NOT NULL,
    permission_id integer NOT NULL
);


ALTER TABLE public.users_customuser_user_permissions OWNER TO postgres;

--
-- Name: users_customuser_user_permissions_id_seq; Type: SEQUENCE; Schema: public; Owner: postgres
--

ALTER TABLE public.users_customuser_user_permissions ALTER COLUMN id ADD GENERATED BY DEFAULT AS IDENTITY (
    SEQUENCE NAME public.users_customuser_user_permissions_id_seq
    START WITH 1
    INCREMENT BY 1
    NO MINVALUE
    NO MAXVALUE
    CACHE 1
);


--
-- Name: inventory_component id; Type: DEFAULT; Schema: public; Owner: postgres
--

ALTER TABLE ONLY public.inventory_component ALTER COLUMN id SET DEFAULT nextval('public.inventory_component_id_seq'::regclass);


--
-- Data for Name: auth_group; Type: TABLE DATA; Schema: public; Owner: postgres
--

COPY public.auth_group (id, name) FROM stdin;
\.


--
-- Data for Name: auth_group_permissions; Type: TABLE DATA; Schema: public; Owner: postgres
--

COPY public.auth_group_permissions (id, group_id, permission_id) FROM stdin;
\.


--
-- Data for Name: auth_permission; Type: TABLE DATA; Schema: public; Owner: postgres
--

COPY public.auth_permission (id, name, content_type_id, codename) FROM stdin;
1	Can add log entry	1	add_logentry
2	Can change log entry	1	change_logentry
3	Can delete log entry	1	delete_logentry
4	Can view log entry	1	view_logentry
5	Can add permission	2	add_permission
6	Can change permission	2	change_permission
7	Can delete permission	2	delete_permission
8	Can view permission	2	view_permission
9	Can add group	3	add_group
10	Can change group	3	change_group
11	Can delete group	3	delete_group
12	Can view group	3	view_group
13	Can add content type	4	add_contenttype
14	Can change content type	4	change_contenttype
15	Can delete content type	4	delete_contenttype
16	Can view content type	4	view_contenttype
17	Can add session	5	add_session
18	Can change session	5	change_session
19	Can delete session	5	delete_session
20	Can view session	5	view_session
21	Can add Token	6	add_token
22	Can change Token	6	change_token
23	Can delete Token	6	delete_token
24	Can view Token	6	view_token
25	Can add token	7	add_tokenproxy
26	Can change token	7	change_tokenproxy
27	Can delete token	7	delete_tokenproxy
28	Can view token	7	view_tokenproxy
29	Can add component	8	add_component
30	Can change component	8	change_component
31	Can delete component	8	delete_component
32	Can view component	8	view_component
33	Can add inventory	9	add_inventory
34	Can change inventory	9	change_inventory
35	Can delete inventory	9	delete_inventory
36	Can view inventory	9	view_inventory
37	Can add user	10	add_customuser
38	Can change user	10	change_customuser
39	Can delete user	10	delete_customuser
40	Can view user	10	view_customuser
\.


--
-- Data for Name: authtoken_token; Type: TABLE DATA; Schema: public; Owner: postgres
--

COPY public.authtoken_token (key, created, user_id) FROM stdin;
\.


--
-- Data for Name: component; Type: TABLE DATA; Schema: public; Owner: postgres
--

COPY public.component ("SHEET_TYPE", type, subtype, "capex/u.g.s.", opex_per_capex, "embodied_pe/u.g.s.", "embodied_co2/u.g.s.", lifetime, "Pref_cost", "Pref_env", scale_cost, scale_env, major_upgrade_point, major_upgrade_share, annual_performance_degradation, replace_or_die, id, bibliography, description, name, "IS_MAIN_INVENTORY") FROM stdin;
Thermal Sources	boiler	ngas	312.08	0.0656	0.632	45.4	20	1	10	0	0	999	0	0.005	replace	8	\N	\N	OLD_LIBRARY	t
Thermal Sources	boiler	diesel	156.01	0.02	6.32	18.16	25	1	1	0	0	999	0	0.005	replace	9	\N	\N	OLD_LIBRARY	t
Thermal Sources	boiler	biomass	54.34782608695652	0.02	0.9555555555555555	75.77777777777777	25	46	9	0	-0.083	999	0	0.005	replace	10	\N	\N	OLD_LIBRARY	t
Thermal Sources	boiler	oil	156.01	0.02	6.32	454	20	1	1	0	0.74	999	0	0.005	replace	11	\N	\N	OLD_LIBRARY	t
Thermal Sources	district_heating	standard	0	0	0	0	30	130	1	0	0.6	999	0	0.005	replace	12	\N	\N	OLD_LIBRARY	t
Thermal Sources	geo	thermal	700	0.073	1.0066666666666666	64.66666666666667	25	7	30	0	0.8	999	0	0.005	replace	13	\N	\N	OLD_LIBRARY	t
Thermal Sources	solar	thermal	700	0.073	1.0066666666666666	64.66666666666667	25	7	30	0	0.8	999	0	0.005	replace	14	\N	\N	OLD_LIBRARY	t
Thermal Sources	fan	coil	700	0.073	1.0066666666666666	64.66666666666667	25	7	30	0	0.8	999	0	0.005	replace	15	\N	\N	OLD_LIBRARY	t
Thermal Sources	heat_pump	water2water	700	0.073	1.0066666666666666	64.66666666666667	25	7	30	0	0.8	999	0	0.005	replace	16	\N	\N	OLD_LIBRARY	t
Ventilation	mixing_ventilation	\N	139	0.01	3.764545454545454	277.90909090909093	20	1	11	0	0	999	0	0.02	replace	17	\N	\N	OLD_LIBRARY	t
Ventilation	displacement_ventilation	\N	100	0.01	2.9045454545454543	214.9090909090909	20	1	11	0	0	999	0	0.02	replace	18	\N	\N	OLD_LIBRARY	t
Ventilation	stratum_ventilation	\N	200	0.01	3.0318181818181817	239.9090909090909	20	1	11	0	0	999	0	0.02	replace	19	\N	\N	OLD_LIBRARY	t
Ventilation	natural_ventilation	\N	0	0	0	0	999	1	1	0	0	999	0	0.02	replace	20	\N	\N	OLD_LIBRARY	t
Ventilation	micro_ventilation	\N	1020.45	0.01	4.302	85	20	1	1	0	0	999	0	0.02	die	21	\N	\N	OLD_LIBRARY	t
Glazing	aluminium	1	208	0.0005	32.547599999999996	702	45	1	1	0	0	999	0	0.005	replace	22	\N	\N	OLD_LIBRARY	t
Glazing	normal_glass	1	250	0.0005	0.55008	12.31	40	1	1	0	0	999	0	0.005	replace	24	\N	\N	OLD_LIBRARY	t
Glazing	normal_glass	2	350	0.0005	1.6386479999999999	33.32	40	1	1	0	0	999	0	0.005	replace	25	\N	\N	OLD_LIBRARY	t
Glazing	normal_glass	3	450	0.0005	2.7266399999999997	54.14	40	1	1	0	0	999	0	0.005	replace	26	\N	\N	OLD_LIBRARY	t
Glazing	thermochromic	2	400	0.0005	1.332	28.23	30	1	1	0	0	999	0	0.005	replace	27	\N	\N	OLD_LIBRARY	t
Glazing	door	1	2970	0.0005	20.6388	-119.52	60	1	1	0	0	20	0.1	0.005	replace	28	\N	\N	OLD_LIBRARY	t
Insulation	stone_wool	\N	48	0	0.5612903225806452	41.612903225806456	50	1	0.031	0	0	999	0	0.01	replace	29	\N	\N	OLD_LIBRARY	t
Insulation	glass_wool	\N	105	0	1.716	101.19999999999999	100	1	0.025	0	0	999	0	0.01	replace	30	\N	\N	OLD_LIBRARY	t
Insulation	natural_wool	\N	520.5	0	4.313231999999999	43.95	50	1	1	0	0	999	0	0.01	replace	31	\N	\N	OLD_LIBRARY	t
Insulation	polyurethane	\N	78.75	0	3.4482758620689657	154.82758620689654	100	1	0.029	0	0	999	0	0.02	replace	32	\N	\N	OLD_LIBRARY	t
Insulation	expanded_polysterene	\N	270	0	12.901247999999999	150	50	1	1	0	0	999	0	0.02	replace	33	\N	\N	OLD_LIBRARY	t
Insulation	extruded_polysterene	\N	195	0	3.0606060606060606	178.18181818181816	50	1	0.033	0	0	999	0	0.02	replace	34	\N	\N	OLD_LIBRARY	t
Insulation	aerogel	\N	3000	0	93.456	1248	50	1	1	0	0	999	0	0.02	replace	35	\N	\N	OLD_LIBRARY	t
Insulation	kbox	\N	75	0	0.600774912	11.584	40	1	1	0	0	999	0	0.02	replace	36	\N	\N	OLD_LIBRARY	t
Insulation	isocell_cellulose	\N	172.82142857142856	0	4.681818181818182	20.090909090909093	50	0.28	0.022	0	0	999	0	0.02	replace	37	\N	\N	OLD_LIBRARY	t
Insulation	kflex_pipes_9x10	\N	3503.1847133757965	0	18.8397	369.29	40	0.0002826	1	0	0	999	0	0.005	replace	38	\N	\N	OLD_LIBRARY	t
Insulation	kflex_pipes_9x12	\N	3096.249115357396	0	18.8397	370.29	40	0.00033912	1	0	0	999	0	0.005	replace	39	\N	\N	OLD_LIBRARY	t
Insulation	kflex_pipes_9x15	\N	2878.0372729417313	0	18.8397	371.29	40	0.0004239	1	0	0	999	0	0.005	replace	40	\N	\N	OLD_LIBRARY	t
Insulation	kflex_pipes_19x18	\N	3028.0373831775705	0	18.8397	386.29	40	0.00107	1	0	0	999	0	0.005	replace	41	\N	\N	OLD_LIBRARY	t
Insulation	kflex_pipes_9x18	\N	2535.975465911772	0	18.8397	372.29	40	0.00050868	1	0	0	999	0	0.005	replace	42	\N	\N	OLD_LIBRARY	t
Insulation	kflex_pipes_9x22	\N	2123.1422505307855	0	18.8397	373.29	40	0.00062172	1	0	0	999	0	0.005	replace	43	\N	\N	OLD_LIBRARY	t
Insulation	kflex_pipes_9x28	\N	2059.953493074512	0	18.8397	374.29	40	0.00079128	1	0	0	999	0	0.005	replace	44	\N	\N	OLD_LIBRARY	t
Insulation	kflex_pipes_9x35	\N	1870.3872207056922	0	18.8397	375.29	40	0.0009891	1	0	0	999	0	0.005	replace	45	\N	\N	OLD_LIBRARY	t
Insulation	kflex_pipes_13x10	\N	0.060454545454545455	0	18.8397	376.29	40	0.0004082	1	0	0	999	0	0.005	replace	46	\N	\N	OLD_LIBRARY	t
Insulation	kflex_pipes_13x12	\N	2939.735423811857	0	18.8397	377.29	40	0.00048984	1	0	0	999	0	0.005	replace	47	\N	\N	OLD_LIBRARY	t
Insulation	kflex_pipes_13x15	\N	2596.766291033807	0	18.8397	378.29	40	0.0006123	1	0	0	999	0	0.005	replace	48	\N	\N	OLD_LIBRARY	t
Insulation	kflex_pipes_13x18	\N	2259.2411127442974	0	18.8397	379.29	40	0.00073476	1	0	0	999	0	0.005	replace	49	\N	\N	OLD_LIBRARY	t
Insulation	kflex_pipes_13x22	\N	1937.5528929669056	0	18.8397	380.29	40	0.00089804	1	0	0	999	0	0.005	replace	50	\N	\N	OLD_LIBRARY	t
Insulation	kflex_pipes_13x28	\N	1793.5885770280674	0	18.8397	381.29	40	0.00114296	1	0	0	999	0	0.005	replace	51	\N	\N	OLD_LIBRARY	t
Insulation	kflex_pipes_13x35	\N	1721.8450339469448	0	18.8397	382.29	40	0.0014287	1	0	0	999	0	0.005	replace	52	\N	\N	OLD_LIBRARY	t
Insulation	kflex_pipes_19x10	\N	4207.173985920214	0	18.8397	383.29	40	0.0005966	1	0	0	999	0	0.005	replace	53	\N	\N	OLD_LIBRARY	t
Insulation	kflex_pipes_19x12	\N	3631.6906916973967	0	18.8397	384.29	40	0.00071592	1	0	0	999	0	0.005	replace	54	\N	\N	OLD_LIBRARY	t
Insulation	kflex_pipes_19x15	\N	3497.597496927031	0	18.8397	385.29	40	0.0008949	1	0	0	999	0	0.005	replace	55	\N	\N	OLD_LIBRARY	t
Insulation	kflex_pipes_19x22	\N	2879.956114954439	0	18.8397	387.29	40	0.00131252	1	0	0	999	0	0.005	replace	56	\N	\N	OLD_LIBRARY	t
Insulation	kflex_pipes_19x28	\N	1275.0826109860639	0	18.8397	388.29	40	0.00167048	1	0	0	999	0	0.005	replace	57	\N	\N	OLD_LIBRARY	t
Insulation	kflex_pipes_19x35	\N	2384.9432498443566	0	18.8397	389.29	40	0.0020881	1	0	0	999	0	0.005	replace	58	\N	\N	OLD_LIBRARY	t
Insulation	kflex_pipes_25x22	\N	4093.8042848870878	0	18.8397	390.29	40	0.001727	1	0	0	999	0	0.005	replace	59	\N	\N	OLD_LIBRARY	t
Insulation	kflex_pipes_25x28	\N	3371.2465878070975	0	18.8397	391.29	40	0.002198	1	0	0	999	0	0.005	replace	60	\N	\N	OLD_LIBRARY	t
Insulation	kflex_pipes_25x35	\N	3017.288444040036	0	18.8397	392.29	40	0.0027475	1	0	0	999	0	0.005	replace	61	\N	\N	OLD_LIBRARY	t
Insulation	kflex_pipes_32x22	\N	3971.8442385639837	0	18.8397	393.29	40	0.00221056	1	0	0	999	0	0.005	replace	62	\N	\N	OLD_LIBRARY	t
Insulation	kflex_pipes_32x28	\N	3390.86669699727	0	18.8397	394.29	40	0.00281344	1	0	0	999	0	0.005	replace	63	\N	\N	OLD_LIBRARY	t
Insulation	kflex_pipes_32x35	\N	2979.9818016378526	0	18.8397	395.29	40	0.0035168	1	0	0	999	0	0.005	replace	64	\N	\N	OLD_LIBRARY	t
Insulation	kflex_panel_20	\N	1215.75	0	31.82616	635.65	40	0.02	1	0	0	999	0	0.005	replace	65	\N	\N	OLD_LIBRARY	t
Insulation	kflex_panel_25	\N	1045.2	0	31.82616	636.65	40	0.025	1	0	0	999	0	0.005	replace	66	\N	\N	OLD_LIBRARY	t
Insulation	kflex_panel_30	\N	913.5	0	31.82616	637.65	40	0.03	1	0	0	999	0	0.005	replace	67	\N	\N	OLD_LIBRARY	t
Insulation	kflex_panel_40	\N	788.25	0	31.82616	638.65	40	0.04	1	0	0	999	0	0.005	replace	68	\N	\N	OLD_LIBRARY	t
Insulation	kflex_panel_46	\N	739.5652173913044	0	31.82616	639.65	40	0.046	1	0	0	999	0	0.005	replace	69	\N	\N	OLD_LIBRARY	t
Insulation	kflex_panel_50	\N	71340	0	31.82616	640.65	40	0.05	1	0	0	999	0	0.005	replace	70	\N	\N	OLD_LIBRARY	t
Insulation	kflex_panel_52	\N	702.1153846153846	0	31.82616	641.65	40	0.052	1	0	0	999	0	0.005	replace	71	\N	\N	OLD_LIBRARY	t
Insulation	kflex_panel_62	\N	655.4032258064516	0	31.82616	642.65	40	0.062	1	0	0	999	0	0.005	replace	72	\N	\N	OLD_LIBRARY	t
Insulation	kflex_panel_80	\N	601.3125	0	31.82616	643.65	40	0.08	1	0	0	999	0	0.005	replace	73	\N	\N	OLD_LIBRARY	t
Insulation	kflex_sheet_6	\N	323.75	0	18.8397	369.29	40	0.06	1	0	0	999	0	0.02	replace	74	\N	\N	OLD_LIBRARY	t
Insulation	kflex_sheet_10	\N	257.4	0	18.8397	369.29	40	0.1	1	0	0	999	0	0.02	replace	75	\N	\N	OLD_LIBRARY	t
Insulation	kflex_sheet_13	\N	233.0769230769231	0	18.8397	369.29	40	0.13	1	0	0	999	0	0.02	replace	76	\N	\N	OLD_LIBRARY	t
Insulation	kflex_sheet_19	\N	212.8421052631579	0	18.8397	369.29	40	0.19	1	0	0	999	0	0.02	replace	77	\N	\N	OLD_LIBRARY	t
Insulation	kflex_sheet_25	\N	204.18	0	18.8397	369.29	40	0.25	1	0	0	999	0	0.02	replace	78	\N	\N	OLD_LIBRARY	t
Insulation	kflex_sheet_32	\N	182.85937499999997	0	18.8397	369.29	40	0.32	1	0	0	999	0	0.02	replace	79	\N	\N	OLD_LIBRARY	t
PCM	pcm	organic	100	0.01	30	500	25	1	100	0	0	999	0	0.02	replace	80	\N	\N	OLD_LIBRARY	t
PCM	pcm	inorganic	100	0.01	1.3655172413793104	127.75862068965517	25	1	58	0	0	999	0	0.02	replace	81	\N	\N	OLD_LIBRARY	t
Water Storage	hot_water	copper	7.15	0.01	0.08598551990942967	3.6272062073274833	20	200	600	0.6	0	999	0	0.02	replace	82	\N	\N	OLD_LIBRARY	t
Water Storage	hot_water	steel	2.19	0.01	0.0168723060571155	1.2419471807219151	20	1000	600	0.6	0.2	999	0	0.02	replace	83	\N	\N	OLD_LIBRARY	t
Water Storage	hot_water	iron	1.34	0.01	0.010367675675719385	0.9934031495332883	20	1000	600	0.6	0	999	0	0.02	replace	84	\N	\N	OLD_LIBRARY	t
Water Storage	hot_water	pink_wall_integrated	27.685714285714287	0.0077	0.212364	4.03	20	140	1	0	0	999	0	0.02	replace	85	\N	\N	OLD_LIBRARY	t
Water Storage	hot_water	pink_wall_mounted	14.106666666666667	0.014	0.11908799999999999	2.38	20	150	150	0	0	999	0	0.02	replace	86	\N	\N	OLD_LIBRARY	t
El. Generators	pv	ground	826	0.01	29.081632653061224	1765.3061224489795	25	1	1	0	0	15	0.12	0.005	die	87	\N	\N	OLD_LIBRARY	t
El. Generators	pv	roofslanted	960	0.01	23.866666666666664	1590	25	1	3	0	0	15	0.12	0.005	die	88	\N	\N	OLD_LIBRARY	t
El. Generators	pv	roofflat	1127.45	0.0142	40.666666666666664	2546.6666666666665	30	1	3	0	0	15	0.12	0.005	die	89	\N	\N	OLD_LIBRARY	t
El. Generators	pv	zappafacade	3400	0.005	401.8212	7131.5	20	1	1	0	0	15	0.12	0.005	die	90	\N	\N	OLD_LIBRARY	t
El. Generators	pv	facademultisi	3200	0.005	32.36666666666667	2196.6666666666665	20	1	3	0	0	15	0.12	0.005	die	91	\N	\N	OLD_LIBRARY	t
Glazing	wood	1	500	0.0005	20.6388	-119.52	60	1	1	0	0	20	0.1	0.005	replace	0	\N	\N	OLD_LIBRARY	t
Thermal Sources	heat_pump	air2air	700	0.073	1.0066666666666666	64.66666666666667	25	7	30	0	0.8	999	0	0.005	replace	1	\N	\N	OLD_LIBRARY	t
Thermal Sources	heat_pump	air2water	633.75	0.036	0.319	25.2	25	8	30	0	0.8	999	0	0.005	replace	2	\N	\N	OLD_LIBRARY	t
Thermal Sources	heat_pump	ground_source	1500	0.0185	0.943	90.7	25	1	10	0	-0.08	999	0	0.005	replace	3	\N	\N	OLD_LIBRARY	t
Thermal Sources	air_conditioning	basic	173.07692307692307	0.04	1.8584905660377358	125.94339622641509	10	2.6	2.12	0	-0.066	999	0	0.005	replace	4	\N	\N	OLD_LIBRARY	t
Thermal Sources	resistive	basic	100	0.02	0.066	4.4	10	1	2	0	0	999	0	0.005	replace	5	\N	\N	OLD_LIBRARY	t
Thermal Sources	infrared	basic	201	0.1	0.0060999999999999995	0.406	10	1	50	0	0	999	0	0.005	replace	6	\N	\N	OLD_LIBRARY	t
Thermal Sources	boiler	lpg	312.08	0.0656	0.632	45.4	20	1	10	0	0	999	0	0.005	replace	7	\N	\N	OLD_LIBRARY	t
El. Generators	pv	facade	1300.45	0.015	37.333333333333336	2376.6666666666665	40	1	3	0	0	15	0.12	0.005	die	92	\N	\N	OLD_LIBRARY	t
El. Generators	pv	facadesinglesi	3200	0.005	37.333333333333336	2376.6666666666665	40	1	3	0	0	15	0.12	0.005	die	93	\N	\N	OLD_LIBRARY	t
El. Generators	pv	zappa_facade_60	338	0.005	1.4277816	222	20	1	1	0	0	15	0.12	0.005	die	103	\N	\N	OLD_LIBRARY	t
El. Generators	pv	zappa_facade_70	384	0.005	1.6657452	259	20	1	1	0	0	15	0.12	0.005	die	104	\N	\N	OLD_LIBRARY	t
El. Generators	pv	zappa_facade_80	429	0.005	1.9037088000000002	296	20	1	1	0	0	15	0.12	0.005	die	105	\N	\N	OLD_LIBRARY	t
El. Generators	pv	zappa_facade_90	474	0.005	2.1416724	333	20	1	1	0	0	15	0.12	0.005	die	106	\N	\N	OLD_LIBRARY	t
El. Generators	power_plant	ngas	800	0.05	300	20000	100	1	1	0.6	0.6	999	0	0.005	die	107	\N	\N	OLD_LIBRARY	t
El. Generators	power_plant	oil	1000	0.05	300	20000	100	1	1	0.6	0.6	999	0	0.005	die	108	\N	\N	OLD_LIBRARY	t
El. Generators	power_plant	custom	0	0	0	0	100	1	1	0	0	999	0	0.005	die	109	\N	\N	OLD_LIBRARY	t
El. Generators	power_plant	geothermal	40	0.01	301818	21454545	100	1	1000	0.1	0.1	999	0	0.005	die	110	\N	\N	OLD_LIBRARY	t
El. Generators	power_plant	incineration	3000	0.01	301818	21454545	100	1	1000	0.1	0.1	999	0	0.005	die	111	\N	\N	OLD_LIBRARY	t
El. Generators	hydro_plant	hydro	30	0.01	217300	20759493.6708861	100	1	1000	0.1	0.1	999	0	0.005	die	112	\N	\N	OLD_LIBRARY	t
El. Generators	tidal_device	horizontal_axis	500	0.01	30	2000	100	1	1	0.1	0.1	999	0	0.005	die	113	\N	\N	OLD_LIBRARY	t
El. Generators	tidal_device	vertical_axis	500	0.01	30	2000	100	1	1	0.1	0.1	999	0	0.005	die	114	\N	\N	OLD_LIBRARY	t
El. Generators	tidal_device	tidal_kite	1400000	0.006	0.245	12.3	25	10000	500	0.6	0.6	999	0	0.005	die	115	\N	\N	OLD_LIBRARY	t
El. Generators	fuel_cell	pemfc	1338.5333333333333	0.01	0.0279	1.53	30	100	1	0	0	999	0	0.005	die	116	\N	\N	OLD_LIBRARY	t
El. Generators	fuel_cell	pafc	500	0.01	30	2000	30	1	1	0.1	0.1	999	0	0.005	die	117	\N	\N	OLD_LIBRARY	t
El. Generators	fuel_cell	safc	500	0.01	30	2000	30	1	1	0.1	0.1	999	0	0.005	die	118	\N	\N	OLD_LIBRARY	t
El. Generators	fuel_cell	afc	500	0.01	30	2000	30	1	1	0.1	0.1	999	0	0.005	die	119	\N	\N	OLD_LIBRARY	t
El. Generators	fuel_cell	sofc	1743.9333333333334	0.01	0.0003635003984460604	0.019933892818009766	30	100	1	0	0	999	0	0.005	die	120	\N	\N	OLD_LIBRARY	t
El. Generators	fuel_cell	mcfc	500	0.01	30	2000	30	1	1	0.1	0.1	999	0	0.005	die	121	\N	\N	OLD_LIBRARY	t
El. Storage	li_ion	lfp	460	0.01	0.5625	48.333333333333336	-1	1	1	0	0	999	0	0	die	122	\N	\N	OLD_LIBRARY	t
El. Storage	li_ion	lmo	460	0.01	1.012	70	-1	1	1	0	0	999	0	0	die	123	\N	\N	OLD_LIBRARY	t
El. Storage	lead_acid	pba	780	0.01	1.53	101	-1	1	1	0	0	999	0	0	die	124	\N	\N	OLD_LIBRARY	t
El. Storage	flow	vanadium	500	0.01	6.08	16.320844444444443	-1	1	1	0	0	999	0	0	die	125	\N	\N	OLD_LIBRARY	t
El. Storage	flywheel	flywheel	550	0.01	0.3	200	50	1	1	0	0	999	0	0	die	126	\N	\N	OLD_LIBRARY	t
Glazing	pvc	1	87	0.0005	19.9692	284.14	30	1	1	0	0	999	0	0.005	replace	23	\N	\N	OLD_LIBRARY	t
El. Generators	pv	building_integrated	7894.736842105262	0.01	186.03719999999998	3763	30	0.057	1	0	0	15	0.12	0.005	die	94	\N	\N	OLD_LIBRARY	t
El. Generators	wind	geared	1118.77	0.0125	22.5	1598.3333333333333	27	1	6	0	0.188	15	0.12	0.005	die	95	\N	\N	OLD_LIBRARY	t
El. Generators	gen_set	diesel	634	0.0124	1.79	122	20	1	1	0	0.984	15	0.08	0.01	die	96	\N	\N	OLD_LIBRARY	t
El. Generators	grid	grid	0	0	0	0	999	1	1	0	0	999	0	0	die	97	\N	\N	OLD_LIBRARY	t
El. Generators	pv	zappa_facade_10	112	0.005	0.23796360000000003	37	20	1	1	0	0	15	0.12	0.005	die	98	\N	\N	OLD_LIBRARY	t
El. Generators	pv	zappa_facade_20	158	0.005	0.47592720000000005	74	20	1	1	0	0	15	0.12	0.005	die	99	\N	\N	OLD_LIBRARY	t
El. Generators	pv	zappa_facade_30	203	0.005	0.7138908	111	20	1	1	0	0	15	0.12	0.005	die	100	\N	\N	OLD_LIBRARY	t
El. Generators	pv	zappa_facade_40	248	0.005	0.9518544000000001	148	20	1	1	0	0	15	0.12	0.005	die	101	\N	\N	OLD_LIBRARY	t
El. Generators	pv	zappa_facade_50	293	0.005	1.189818	185	20	1	1	0	0	15	0.12	0.005	die	102	\N	\N	OLD_LIBRARY	t
\.


--
-- Data for Name: django_admin_log; Type: TABLE DATA; Schema: public; Owner: postgres
--

COPY public.django_admin_log (id, action_time, object_id, object_repr, action_flag, change_message, content_type_id, user_id) FROM stdin;
\.


--
-- Data for Name: django_content_type; Type: TABLE DATA; Schema: public; Owner: postgres
--

COPY public.django_content_type (id, app_label, model) FROM stdin;
1	admin	logentry
2	auth	permission
3	auth	group
4	contenttypes	contenttype
5	sessions	session
6	authtoken	token
7	authtoken	tokenproxy
8	inventory	component
9	inventory	inventory
10	users	customuser
\.


--
-- Data for Name: django_migrations; Type: TABLE DATA; Schema: public; Owner: postgres
--

COPY public.django_migrations (id, app, name, applied) FROM stdin;
1	contenttypes	0001_initial	2024-02-14 14:02:09.878393+02
2	contenttypes	0002_remove_content_type_name	2024-02-14 14:02:09.93895+02
3	auth	0001_initial	2024-02-14 14:02:11.318928+02
4	auth	0002_alter_permission_name_max_length	2024-02-14 14:02:11.418718+02
5	auth	0003_alter_user_email_max_length	2024-02-14 14:02:11.461012+02
6	auth	0004_alter_user_username_opts	2024-02-14 14:02:11.497098+02
7	auth	0005_alter_user_last_login_null	2024-02-14 14:02:11.535217+02
8	auth	0006_require_contenttypes_0002	2024-02-14 14:02:11.563562+02
9	auth	0007_alter_validators_add_error_messages	2024-02-14 14:02:11.592858+02
10	auth	0008_alter_user_username_max_length	2024-02-14 14:02:11.628728+02
11	auth	0009_alter_user_last_name_max_length	2024-02-14 14:02:11.667138+02
12	auth	0010_alter_group_name_max_length	2024-02-14 14:02:11.702165+02
13	auth	0011_update_proxy_permissions	2024-02-14 14:02:11.735928+02
14	auth	0012_alter_user_first_name_max_length	2024-02-14 14:02:11.771446+02
15	users	0001_initial	2024-02-14 14:02:13.486345+02
16	admin	0001_initial	2024-02-14 14:02:14.127857+02
17	admin	0002_logentry_remove_auto_add	2024-02-14 14:02:14.168157+02
18	admin	0003_logentry_add_action_flag_choices	2024-02-14 14:02:14.206124+02
19	authtoken	0001_initial	2024-02-14 14:02:14.775272+02
20	authtoken	0002_auto_20160226_1747	2024-02-14 14:02:14.85819+02
21	authtoken	0003_tokenproxy	2024-02-14 14:02:14.893134+02
22	django_registration	0001_initial	2024-02-14 14:02:14.937204+02
23	inventory	0001_initial	2024-02-14 14:02:15.536726+02
24	inventory	0002_component_bibliography_component_description	2024-02-14 14:02:15.662862+02
25	inventory	0003_rename_installed_ugs_component_pref_env_and_more	2024-02-14 14:02:15.844942+02
26	inventory	0004_rename_pref_cost_component_pref_cost	2024-02-14 14:02:15.907459+02
27	sessions	0001_initial	2024-02-14 14:02:16.273128+02
28	inventory	0005_alter_component_pref_cost_and_more	2024-02-14 14:05:17.353948+02
29	inventory	0006_alter_component_component_subtype	2024-02-14 15:32:49.44145+02
30	inventory	0002_alter_component_id	2024-02-16 18:09:20.695845+02
\.


--
-- Data for Name: django_session; Type: TABLE DATA; Schema: public; Owner: postgres
--

COPY public.django_session (session_key, session_data, expire_date) FROM stdin;
66xta54mattwsadz7dn9h3ni2sbjksvz	.eJxVjDsOwyAUBO9CHSE_wBhSpvcZrAcswUkEkj9VlLtHllwk7c7MvsXE-1amfcUyzUlcBYnL7xY4PlEPkB5c703GVrdlDvJQ5ElXObaE1-10_w4Kr-WouU9Ke7JwQx5sz6qjSC7a4LWOxmUgK-c7AOyRTCCw8dlmcgo9tPh8AewyOHk:1rb1VY:zXKfJFOU3iqmPhQEjwxXYxHMXUkl71aV_X3i0c_Uh4A	2024-03-01 18:56:16.951064+02
\.


--
-- Data for Name: inventory_component; Type: TABLE DATA; Schema: public; Owner: postgres
--

COPY public.inventory_component (name, "Pref_env", type, subtype, "capex/u.g.s.", opex_per_capex, "embodied_pe/u.g.s.", "embodied_co2/u.g.s.", lifetime, "Pref_cost", scale_cost, scale_env, major_upgrade_point, major_upgrade_share, annual_performance_degradation, replace_or_die, "SHEET_TYPE", "IS_MAIN_INVENTORY", bibliography, description, id) FROM stdin;
OLD_LIBRARY	1	pv	ground	826	0.01	29.081632653061224	1765.3061224489795	25	1	0	0	15	0	0.005	replace	El. Generators	t	\N	\N	79
OLD_LIBRARY	3	pv	roofslanted	960	0.01	23.866666666666664	1590	25	1	0	0	15	0	0.005	replace	El. Generators	t	\N	\N	80
OLD_LIBRARY	1	pv	zappafacade	3400	0.005	401.8212	7131.5	20	1	0	0	15	0	0.005	replace	El. Generators	t	\N	\N	82
OLD_LIBRARY	3	pv	facademultisi	3200	0.005	32.36666666666667	2196.6666666666665	20	1	0	0	15	0	0.005	replace	El. Generators	t	\N	\N	83
OLD_LIBRARY	3	pv	facade	1300.45	0.015	37.333333333333336	2376.6666666666665	40	1	0	0	15	0	0.005	replace	El. Generators	t	\N	\N	92
OLD_LIBRARY	3	pv	facadesinglesi	3200	0.005	37.333333333333336	2376.6666666666665	40	1	0	0	15	0	0.005	replace	El. Generators	t	\N	\N	93
OLD_LIBRARY	1	pv	zappa_facade_60	338	0.005	1.4277816	222	20	1	0	0	15	0	0.005	replace	El. Generators	t	\N	\N	94
OLD_LIBRARY	1	pv	zappa_facade_70	384	0.005	1.6657452	259	20	1	0	0	15	0	0.005	replace	El. Generators	t	\N	\N	95
OLD_LIBRARY	1	pv	zappa_facade_80	429	0.005	1.9037088000000002	296	20	1	0	0	15	0	0.005	replace	El. Generators	t	\N	\N	96
OLD_LIBRARY	1	pv	zappa_facade_90	474	0.005	2.1416724	333	20	1	0	0	15	0	0.005	replace	El. Generators	t	\N	\N	97
OLD_LIBRARY	1	power_plant	ngas	800	0.05	300	20000	100	1	0.6	0.6	999	0	0.005	replace	El. Generators	t	\N	\N	98
OLD_LIBRARY	1	power_plant	oil	1000	0.05	300	20000	100	1	0.6	0.6	999	0	0.005	replace	El. Generators	t	\N	\N	99
OLD_LIBRARY	1	power_plant	custom	0	0	0	0	100	1	0	0	999	0	0.005	replace	El. Generators	t	\N	\N	100
OLD_LIBRARY	1000	power_plant	geothermal	40	0.01	301818	21454545	100	1	0.1	0.1	999	0	0.005	replace	El. Generators	t	\N	\N	101
OLD_LIBRARY	1000	power_plant	incineration	3000	0.01	301818	21454545	100	1	0.1	0.1	999	0	0.005	replace	El. Generators	t	\N	\N	102
OLD_LIBRARY	1000	hydro_plant	hydro	30	0.01	217300	20759493.6708861	100	1	0.1	0.1	999	0	0.005	replace	El. Generators	t	\N	\N	103
OLD_LIBRARY	1	tidal_device	horizontal_axis	500	0.01	30	2000	100	1	0.1	0.1	999	0	0.005	replace	El. Generators	t	\N	\N	104
OLD_LIBRARY	1	tidal_device	vertical_axis	500	0.01	30	2000	100	1	0.1	0.1	999	0	0.005	replace	El. Generators	t	\N	\N	105
OLD_LIBRARY	500	tidal_device	tidal_kite	1400000	0.006	0.245	12.3	25	10000	0.6	0.6	999	0	0.005	replace	El. Generators	t	\N	\N	106
OLD_LIBRARY	3	pv	roofflat	1127.45	0.0142	40.666666666666664	2546.6666666666665	30	1	0	0	15	0	0.005	replace	El. Generators	t	\N	\N	81
OLD_LIBRARY	1	gen_set	diesel	634	0.0124	1.79	122	20	1	0	0.984	15	0	0.01	replace	El. Generators	t	\N	\N	121
OLD_LIBRARY	1	grid	grid	0	0	0	0	999	1	0	0	999	0	0	replace	El. Generators	t	\N	\N	122
OLD_LIBRARY	1	pv	zappa_facade_10	112	0.005	0.23796360000000003	37	20	1	0	0	15	0	0.005	replace	El. Generators	t	\N	\N	123
OLD_LIBRARY	1	pv	zappa_facade_20	158	0.005	0.47592720000000005	74	20	1	0	0	15	0	0.005	replace	El. Generators	t	\N	\N	124
OLD_LIBRARY	1	pv	zappa_facade_30	203	0.005	0.7138908	111	20	1	0	0	15	0	0.005	replace	El. Generators	t	\N	\N	125
OLD_LIBRARY	1	pv	zappa_facade_40	248	0.005	0.9518544000000001	148	20	1	0	0	15	0	0.005	replace	El. Generators	t	\N	\N	126
OLD_LIBRARY	10	boiler	ngas	312.08	0.0656	0.632	45.4	20	1	0	0	999	0	0.005	replace	Thermal Sources	t	\N	\N	1
OLD_LIBRARY	1	boiler	diesel	156.01	0.02	6.32	18.16	25	1	0	0	999	0	0.005	replace	Thermal Sources	t	\N	\N	2
OLD_LIBRARY	9	boiler	biomass	54.34782608695652	0.02	0.9555555555555555	75.77777777777777	25	46	0	-0.083	999	0	0.005	replace	Thermal Sources	t	\N	\N	3
OLD_LIBRARY	1	boiler	oil	156.01	0.02	6.32	454	20	1	0	0.74	999	0	0.005	replace	Thermal Sources	t	\N	\N	4
OLD_LIBRARY	1	district_heating	standard	0	0	0	0	30	130	0	0.6	999	0	0.005	replace	Thermal Sources	t	\N	\N	5
OLD_LIBRARY	30	geo	thermal	700	0.073	1.0066666666666666	64.66666666666667	25	7	0	0.8	999	0	0.005	replace	Thermal Sources	t	\N	\N	6
OLD_LIBRARY	30	solar	thermal	700	0.073	1.0066666666666666	64.66666666666667	25	7	0	0.8	999	0	0.005	replace	Thermal Sources	t	\N	\N	7
OLD_LIBRARY	30	fan	coil	700	0.073	1.0066666666666666	64.66666666666667	25	7	0	0.8	999	0	0.005	replace	Thermal Sources	t	\N	\N	8
OLD_LIBRARY	30	heat_pump	water2water	700	0.073	1.0066666666666666	64.66666666666667	25	7	0	0.8	999	0	0.005	replace	Thermal Sources	t	\N	\N	9
OLD_LIBRARY	11	mixing_ventilation	\N	139	0.01	3.764545454545454	277.90909090909093	20	1	0	0	999	0	0.02	replace	Ventilation	t	\N	\N	10
OLD_LIBRARY	11	displacement_ventilation	\N	100	0.01	2.9045454545454543	214.9090909090909	20	1	0	0	999	0	0.02	replace	Ventilation	t	\N	\N	11
OLD_LIBRARY	11	stratum_ventilation	\N	200	0.01	3.0318181818181817	239.9090909090909	20	1	0	0	999	0	0.02	replace	Ventilation	t	\N	\N	12
OLD_LIBRARY	1	natural_ventilation	\N	0	0	0	0	999	1	0	0	999	0	0.02	replace	Ventilation	t	\N	\N	13
OLD_LIBRARY	1	micro_ventilation	\N	1020.45	0.01	4.302	85	20	1	0	0	999	0	0.02	replace	Ventilation	t	\N	\N	14
OLD_LIBRARY	1	aluminium	1	208	0.0005	32.547599999999996	702	45	1	0	0	999	0	0.005	replace	Glazing	t	\N	\N	15
OLD_LIBRARY	1	normal_glass	1	250	0.0005	0.55008	12.31	40	1	0	0	999	0	0.005	replace	Glazing	t	\N	\N	16
OLD_LIBRARY	1	normal_glass	2	350	0.0005	1.6386479999999999	33.32	40	1	0	0	999	0	0.005	replace	Glazing	t	\N	\N	17
OLD_LIBRARY	1	normal_glass	3	450	0.0005	2.7266399999999997	54.14	40	1	0	0	999	0	0.005	replace	Glazing	t	\N	\N	18
OLD_LIBRARY	1	thermochromic	2	400	0.0005	1.332	28.23	30	1	0	0	999	0	0.005	replace	Glazing	t	\N	\N	19
OLD_LIBRARY	1	door	1	2970	0.0005	20.6388	-119.52	60	1	0	0	20	0.1	0.005	replace	Glazing	t	\N	\N	20
OLD_LIBRARY	0.031	stone_wool	\N	48	0	0.5612903225806452	41.612903225806456	50	1	0	0	999	0	0.01	replace	Insulation	t	\N	\N	21
OLD_LIBRARY	0.025	glass_wool	\N	105	0	1.716	101.19999999999999	100	1	0	0	999	0	0.01	replace	Insulation	t	\N	\N	22
OLD_LIBRARY	1	natural_wool	\N	520.5	0	4.313231999999999	43.95	50	1	0	0	999	0	0.01	replace	Insulation	t	\N	\N	23
OLD_LIBRARY	0.029	polyurethane	\N	78.75	0	3.4482758620689657	154.82758620689654	100	1	0	0	999	0	0.02	replace	Insulation	t	\N	\N	24
OLD_LIBRARY	1	expanded_polysterene	\N	270	0	12.901247999999999	150	50	1	0	0	999	0	0.02	replace	Insulation	t	\N	\N	25
OLD_LIBRARY	0.033	extruded_polysterene	\N	195	0	3.0606060606060606	178.18181818181816	50	1	0	0	999	0	0.02	replace	Insulation	t	\N	\N	26
OLD_LIBRARY	1	aerogel	\N	3000	0	93.456	1248	50	1	0	0	999	0	0.02	replace	Insulation	t	\N	\N	27
OLD_LIBRARY	1	kbox	\N	75	0	0.600774912	11.584	40	1	0	0	999	0	0.02	replace	Insulation	t	\N	\N	28
OLD_LIBRARY	0.022	isocell_cellulose	\N	172.82142857142856	0	4.681818181818182	20.090909090909093	50	0.28	0	0	999	0	0.02	replace	Insulation	t	\N	\N	29
OLD_LIBRARY	1	kflex_pipes_9x10	\N	3503.1847133757965	0	18.8397	369.29	40	0.0002826	0	0	999	0	0.005	replace	Insulation	t	\N	\N	30
OLD_LIBRARY	1	kflex_pipes_9x12	\N	3096.249115357396	0	18.8397	370.29	40	0.00033912	0	0	999	0	0.005	replace	Insulation	t	\N	\N	31
OLD_LIBRARY	1	kflex_pipes_9x15	\N	2878.0372729417313	0	18.8397	371.29	40	0.0004239	0	0	999	0	0.005	replace	Insulation	t	\N	\N	32
OLD_LIBRARY	1	kflex_pipes_19x18	\N	3028.0373831775705	0	18.8397	386.29	40	0.00107	0	0	999	0	0.005	replace	Insulation	t	\N	\N	33
OLD_LIBRARY	1	kflex_pipes_9x18	\N	2535.975465911772	0	18.8397	372.29	40	0.00050868	0	0	999	0	0.005	replace	Insulation	t	\N	\N	34
OLD_LIBRARY	1	kflex_pipes_9x22	\N	2123.1422505307855	0	18.8397	373.29	40	0.00062172	0	0	999	0	0.005	replace	Insulation	t	\N	\N	35
OLD_LIBRARY	1	kflex_pipes_9x28	\N	2059.953493074512	0	18.8397	374.29	40	0.00079128	0	0	999	0	0.005	replace	Insulation	t	\N	\N	36
OLD_LIBRARY	1	kflex_pipes_9x35	\N	1870.3872207056922	0	18.8397	375.29	40	0.0009891	0	0	999	0	0.005	replace	Insulation	t	\N	\N	37
OLD_LIBRARY	1	kflex_pipes_13x10	\N	0.060454545454545455	0	18.8397	376.29	40	0.0004082	0	0	999	0	0.005	replace	Insulation	t	\N	\N	38
OLD_LIBRARY	1	kflex_pipes_13x12	\N	2939.735423811857	0	18.8397	377.29	40	0.00048984	0	0	999	0	0.005	replace	Insulation	t	\N	\N	39
OLD_LIBRARY	1	kflex_pipes_13x15	\N	2596.766291033807	0	18.8397	378.29	40	0.0006123	0	0	999	0	0.005	replace	Insulation	t	\N	\N	40
OLD_LIBRARY	1	kflex_pipes_13x18	\N	2259.2411127442974	0	18.8397	379.29	40	0.00073476	0	0	999	0	0.005	replace	Insulation	t	\N	\N	41
OLD_LIBRARY	1	kflex_pipes_13x22	\N	1937.5528929669056	0	18.8397	380.29	40	0.00089804	0	0	999	0	0.005	replace	Insulation	t	\N	\N	42
OLD_LIBRARY	1	kflex_pipes_13x28	\N	1793.5885770280674	0	18.8397	381.29	40	0.00114296	0	0	999	0	0.005	replace	Insulation	t	\N	\N	43
OLD_LIBRARY	1	kflex_pipes_13x35	\N	1721.8450339469448	0	18.8397	382.29	40	0.0014287	0	0	999	0	0.005	replace	Insulation	t	\N	\N	44
OLD_LIBRARY	1	kflex_pipes_19x10	\N	4207.173985920214	0	18.8397	383.29	40	0.0005966	0	0	999	0	0.005	replace	Insulation	t	\N	\N	45
OLD_LIBRARY	1	kflex_pipes_19x12	\N	3631.6906916973967	0	18.8397	384.29	40	0.00071592	0	0	999	0	0.005	replace	Insulation	t	\N	\N	46
OLD_LIBRARY	1	kflex_pipes_19x15	\N	3497.597496927031	0	18.8397	385.29	40	0.0008949	0	0	999	0	0.005	replace	Insulation	t	\N	\N	47
OLD_LIBRARY	1	kflex_pipes_19x22	\N	2879.956114954439	0	18.8397	387.29	40	0.00131252	0	0	999	0	0.005	replace	Insulation	t	\N	\N	48
OLD_LIBRARY	1	kflex_pipes_19x28	\N	1275.0826109860639	0	18.8397	388.29	40	0.00167048	0	0	999	0	0.005	replace	Insulation	t	\N	\N	49
OLD_LIBRARY	1	kflex_pipes_19x35	\N	2384.9432498443566	0	18.8397	389.29	40	0.0020881	0	0	999	0	0.005	replace	Insulation	t	\N	\N	50
OLD_LIBRARY	1	kflex_pipes_25x22	\N	4093.8042848870878	0	18.8397	390.29	40	0.001727	0	0	999	0	0.005	replace	Insulation	t	\N	\N	51
OLD_LIBRARY	1	kflex_pipes_25x28	\N	3371.2465878070975	0	18.8397	391.29	40	0.002198	0	0	999	0	0.005	replace	Insulation	t	\N	\N	52
OLD_LIBRARY	1	kflex_pipes_25x35	\N	3017.288444040036	0	18.8397	392.29	40	0.0027475	0	0	999	0	0.005	replace	Insulation	t	\N	\N	53
OLD_LIBRARY	1	kflex_pipes_32x22	\N	3971.8442385639837	0	18.8397	393.29	40	0.00221056	0	0	999	0	0.005	replace	Insulation	t	\N	\N	54
OLD_LIBRARY	1	kflex_pipes_32x28	\N	3390.86669699727	0	18.8397	394.29	40	0.00281344	0	0	999	0	0.005	replace	Insulation	t	\N	\N	55
OLD_LIBRARY	1	kflex_pipes_32x35	\N	2979.9818016378526	0	18.8397	395.29	40	0.0035168	0	0	999	0	0.005	replace	Insulation	t	\N	\N	56
OLD_LIBRARY	1	kflex_panel_20	\N	1215.75	0	31.82616	635.65	40	0.02	0	0	999	0	0.005	replace	Insulation	t	\N	\N	57
OLD_LIBRARY	1	kflex_panel_25	\N	1045.2	0	31.82616	636.65	40	0.025	0	0	999	0	0.005	replace	Insulation	t	\N	\N	58
OLD_LIBRARY	1	kflex_panel_30	\N	913.5	0	31.82616	637.65	40	0.03	0	0	999	0	0.005	replace	Insulation	t	\N	\N	59
OLD_LIBRARY	1	kflex_panel_40	\N	788.25	0	31.82616	638.65	40	0.04	0	0	999	0	0.005	replace	Insulation	t	\N	\N	60
OLD_LIBRARY	1	kflex_panel_46	\N	739.5652173913044	0	31.82616	639.65	40	0.046	0	0	999	0	0.005	replace	Insulation	t	\N	\N	61
OLD_LIBRARY	1	kflex_panel_50	\N	71340	0	31.82616	640.65	40	0.05	0	0	999	0	0.005	replace	Insulation	t	\N	\N	62
OLD_LIBRARY	1	kflex_panel_52	\N	702.1153846153846	0	31.82616	641.65	40	0.052	0	0	999	0	0.005	replace	Insulation	t	\N	\N	63
OLD_LIBRARY	1	kflex_panel_62	\N	655.4032258064516	0	31.82616	642.65	40	0.062	0	0	999	0	0.005	replace	Insulation	t	\N	\N	64
OLD_LIBRARY	1	kflex_panel_80	\N	601.3125	0	31.82616	643.65	40	0.08	0	0	999	0	0.005	replace	Insulation	t	\N	\N	65
OLD_LIBRARY	1	kflex_sheet_6	\N	323.75	0	18.8397	369.29	40	0.06	0	0	999	0	0.02	replace	Insulation	t	\N	\N	66
OLD_LIBRARY	1	kflex_sheet_10	\N	257.4	0	18.8397	369.29	40	0.1	0	0	999	0	0.02	replace	Insulation	t	\N	\N	67
OLD_LIBRARY	1	kflex_sheet_13	\N	233.0769230769231	0	18.8397	369.29	40	0.13	0	0	999	0	0.02	replace	Insulation	t	\N	\N	68
OLD_LIBRARY	1	kflex_sheet_19	\N	212.8421052631579	0	18.8397	369.29	40	0.19	0	0	999	0	0.02	replace	Insulation	t	\N	\N	69
OLD_LIBRARY	1	kflex_sheet_25	\N	204.18	0	18.8397	369.29	40	0.25	0	0	999	0	0.02	replace	Insulation	t	\N	\N	70
OLD_LIBRARY	1	kflex_sheet_32	\N	182.85937499999997	0	18.8397	369.29	40	0.32	0	0	999	0	0.02	replace	Insulation	t	\N	\N	71
OLD_LIBRARY	100	pcm	organic	100	0.01	30	500	25	1	0	0	999	0	0.02	replace	PCM	t	\N	\N	72
OLD_LIBRARY	58	pcm	inorganic	100	0.01	1.3655172413793104	127.75862068965517	25	1	0	0	999	0	0.02	replace	PCM	t	\N	\N	73
OLD_LIBRARY	600	hot_water	copper	7.15	0.01	0.08598551990942967	3.6272062073274833	20	200	0.6	0	999	0	0.02	replace	Water Storage	t	\N	\N	74
OLD_LIBRARY	600	hot_water	steel	2.19	0.01	0.0168723060571155	1.2419471807219151	20	1000	0.6	0.2	999	0	0.02	replace	Water Storage	t	\N	\N	75
OLD_LIBRARY	600	hot_water	iron	1.34	0.01	0.010367675675719385	0.9934031495332883	20	1000	0.6	0	999	0	0.02	replace	Water Storage	t	\N	\N	76
OLD_LIBRARY	1	hot_water	pink_wall_integrated	27.685714285714287	0.0077	0.212364	4.03	20	140	0	0	999	0	0.02	replace	Water Storage	t	\N	\N	77
OLD_LIBRARY	150	hot_water	pink_wall_mounted	14.106666666666667	0.014	0.11908799999999999	2.38	20	150	0	0	999	0	0.02	replace	Water Storage	t	\N	\N	78
OLD_LIBRARY	1	wood	1	500	0.0005	20.6388	-119.52	60	1	0	0	20	0.1	0.005	replace	Glazing	t	\N	\N	84
OLD_LIBRARY	30	heat_pump	air2air	700	0.073	1.0066666666666666	64.66666666666667	25	7	0	0.8	999	0	0.005	replace	Thermal Sources	t	\N	\N	85
OLD_LIBRARY	30	heat_pump	air2water	633.75	0.036	0.319	25.2	25	8	0	0.8	999	0	0.005	replace	Thermal Sources	t	\N	\N	86
OLD_LIBRARY	10	heat_pump	ground_source	1500	0.0185	0.943	90.7	25	1	0	-0.08	999	0	0.005	replace	Thermal Sources	t	\N	\N	87
OLD_LIBRARY	2.12	air_conditioning	basic	173.07692307692307	0.04	1.8584905660377358	125.94339622641509	10	2.6	0	-0.066	999	0	0.005	replace	Thermal Sources	t	\N	\N	88
OLD_LIBRARY	2	resistive	basic	100	0.02	0.066	4.4	10	1	0	0	999	0	0.005	replace	Thermal Sources	t	\N	\N	89
OLD_LIBRARY	50	infrared	basic	201	0.1	0.0060999999999999995	0.406	10	1	0	0	999	0	0.005	replace	Thermal Sources	t	\N	\N	90
OLD_LIBRARY	10	boiler	lpg	312.08	0.0656	0.632	45.4	20	1	0	0	999	0	0.005	replace	Thermal Sources	t	\N	\N	91
OLD_LIBRARY	1	li_ion	lfp	460	0.01	0.5625	48.333333333333336	-1	1	0	0	999	0	0	replace	El. Storage	t	\N	\N	113
OLD_LIBRARY	1	li_ion	lmo	460	0.01	1.012	70	-1	1	0	0	999	0	0	replace	El. Storage	t	\N	\N	114
OLD_LIBRARY	1	lead_acid	pba	780	0.01	1.53	101	-1	1	0	0	999	0	0	replace	El. Storage	t	\N	\N	115
OLD_LIBRARY	1	flow	vanadium	500	0.01	6.08	16.320844444444443	-1	1	0	0	999	0	0	replace	El. Storage	t	\N	\N	116
OLD_LIBRARY	1	flywheel	flywheel	550	0.01	0.3	200	50	1	0	0	999	0	0	replace	El. Storage	t	\N	\N	117
OLD_LIBRARY	1	pvc	1	87	0.0005	19.9692	284.14	30	1	0	0	999	0	0.005	replace	Glazing	t	\N	\N	118
inovative insulation	1	inovative insulation	\N	1	1	1	1	1	1	1	1	1	1	1	replace	Insulation	f	\N	\N	133
OLD_LIBRARY	1	fuel_cell	pemfc	1338.5333333333333	0.01	0.0279	1.53	30	100	0	0	999	0	0.005	replace	El. Generators	t	\N	\N	107
OLD_LIBRARY	1	fuel_cell	pafc	500	0.01	30	2000	30	1	0.1	0.1	999	0	0.005	replace	El. Generators	t	\N	\N	108
OLD_LIBRARY	1	fuel_cell	safc	500	0.01	30	2000	30	1	0.1	0.1	999	0	0.005	replace	El. Generators	t	\N	\N	109
OLD_LIBRARY	1	fuel_cell	afc	500	0.01	30	2000	30	1	0.1	0.1	999	0	0.005	replace	El. Generators	t	\N	\N	110
OLD_LIBRARY	1	fuel_cell	sofc	1743.9333333333334	0.01	0.0003635003984460604	0.019933892818009766	30	100	0	0	999	0	0.005	replace	El. Generators	t	\N	\N	111
OLD_LIBRARY	1	fuel_cell	mcfc	500	0.01	30	2000	30	1	0.1	0.1	999	0	0.005	replace	El. Generators	t	\N	\N	112
OLD_LIBRARY	6	wind	geared	1118.77	0.0125	22.5	1598.3333333333333	27	1	0	0.188	15	0	0.005	replace	El. Generators	t	\N	\N	120
OLD_LIBRARY	1	pv	zappa_facade_50	293	0.005	1.189818	185	20	1	0	0	15	0	0.005	replace	El. Generators	t	\N	\N	127
OLD_LIBRARY	1	pv	buildingintegrated	7894.736842105262	0.01	186.03719999999998	3763	30	0.057	0	0	15	0	0.005	replace	El. Generators	t	\N	\N	119
\.


--
-- Data for Name: inventory_inventory; Type: TABLE DATA; Schema: public; Owner: postgres
--

COPY public.inventory_inventory (id, name, project_name, created_at, author_id) FROM stdin;
4	this is a test	Test	2024-02-19 12:07:51.142125+02	1
\.


--
-- Data for Name: inventory_inventory_components; Type: TABLE DATA; Schema: public; Owner: postgres
--

COPY public.inventory_inventory_components (id, inventory_id, component_id) FROM stdin;
5	4	100
6	4	101
7	4	79
8	4	80
9	4	82
10	4	83
11	4	92
12	4	93
\.


--
-- Data for Name: users_customuser; Type: TABLE DATA; Schema: public; Owner: postgres
--

COPY public.users_customuser (id, password, last_login, is_superuser, username, first_name, last_name, email, is_staff, is_active, date_joined) FROM stdin;
1	pbkdf2_sha256$720000$QB1nzo1iOQJVvgwx0TXlwf$vvnoPacHCwH8gijbXkQ8sdUH94Z2gwUYW9Iz8PPsZ2g=	2024-02-19 12:08:01.111447+02	t	admin				t	t	2024-02-14 14:08:41.976611+02
\.


--
-- Data for Name: users_customuser_groups; Type: TABLE DATA; Schema: public; Owner: postgres
--

COPY public.users_customuser_groups (id, customuser_id, group_id) FROM stdin;
\.


--
-- Data for Name: users_customuser_user_permissions; Type: TABLE DATA; Schema: public; Owner: postgres
--

COPY public.users_customuser_user_permissions (id, customuser_id, permission_id) FROM stdin;
\.


--
-- Name: auth_group_id_seq; Type: SEQUENCE SET; Schema: public; Owner: postgres
--

SELECT pg_catalog.setval('public.auth_group_id_seq', 1, false);


--
-- Name: auth_group_permissions_id_seq; Type: SEQUENCE SET; Schema: public; Owner: postgres
--

SELECT pg_catalog.setval('public.auth_group_permissions_id_seq', 1, false);


--
-- Name: auth_permission_id_seq; Type: SEQUENCE SET; Schema: public; Owner: postgres
--

SELECT pg_catalog.setval('public.auth_permission_id_seq', 40, true);


--
-- Name: component_id_seq; Type: SEQUENCE SET; Schema: public; Owner: postgres
--

SELECT pg_catalog.setval('public.component_id_seq', 254, true);


--
-- Name: django_admin_log_id_seq; Type: SEQUENCE SET; Schema: public; Owner: postgres
--

SELECT pg_catalog.setval('public.django_admin_log_id_seq', 1, false);


--
-- Name: django_content_type_id_seq; Type: SEQUENCE SET; Schema: public; Owner: postgres
--

SELECT pg_catalog.setval('public.django_content_type_id_seq', 10, true);


--
-- Name: django_migrations_id_seq; Type: SEQUENCE SET; Schema: public; Owner: postgres
--

SELECT pg_catalog.setval('public.django_migrations_id_seq', 30, true);


--
-- Name: inventory_component_id_seq; Type: SEQUENCE SET; Schema: public; Owner: postgres
--

SELECT pg_catalog.setval('public.inventory_component_id_seq', 134, true);


--
-- Name: inventory_inventory_components_id_seq; Type: SEQUENCE SET; Schema: public; Owner: postgres
--

SELECT pg_catalog.setval('public.inventory_inventory_components_id_seq', 12, true);


--
-- Name: inventory_inventory_id_seq; Type: SEQUENCE SET; Schema: public; Owner: postgres
--

SELECT pg_catalog.setval('public.inventory_inventory_id_seq', 4, true);


--
-- Name: users_customuser_groups_id_seq; Type: SEQUENCE SET; Schema: public; Owner: postgres
--

SELECT pg_catalog.setval('public.users_customuser_groups_id_seq', 1, false);


--
-- Name: users_customuser_id_seq; Type: SEQUENCE SET; Schema: public; Owner: postgres
--

SELECT pg_catalog.setval('public.users_customuser_id_seq', 1, true);


--
-- Name: users_customuser_user_permissions_id_seq; Type: SEQUENCE SET; Schema: public; Owner: postgres
--

SELECT pg_catalog.setval('public.users_customuser_user_permissions_id_seq', 1, false);


--
-- Name: auth_group auth_group_name_key; Type: CONSTRAINT; Schema: public; Owner: postgres
--

ALTER TABLE ONLY public.auth_group
    ADD CONSTRAINT auth_group_name_key UNIQUE (name);


--
-- Name: auth_group_permissions auth_group_permissions_group_id_permission_id_0cd325b0_uniq; Type: CONSTRAINT; Schema: public; Owner: postgres
--

ALTER TABLE ONLY public.auth_group_permissions
    ADD CONSTRAINT auth_group_permissions_group_id_permission_id_0cd325b0_uniq UNIQUE (group_id, permission_id);


--
-- Name: auth_group_permissions auth_group_permissions_pkey; Type: CONSTRAINT; Schema: public; Owner: postgres
--

ALTER TABLE ONLY public.auth_group_permissions
    ADD CONSTRAINT auth_group_permissions_pkey PRIMARY KEY (id);


--
-- Name: auth_group auth_group_pkey; Type: CONSTRAINT; Schema: public; Owner: postgres
--

ALTER TABLE ONLY public.auth_group
    ADD CONSTRAINT auth_group_pkey PRIMARY KEY (id);


--
-- Name: auth_permission auth_permission_content_type_id_codename_01ab375a_uniq; Type: CONSTRAINT; Schema: public; Owner: postgres
--

ALTER TABLE ONLY public.auth_permission
    ADD CONSTRAINT auth_permission_content_type_id_codename_01ab375a_uniq UNIQUE (content_type_id, codename);


--
-- Name: auth_permission auth_permission_pkey; Type: CONSTRAINT; Schema: public; Owner: postgres
--

ALTER TABLE ONLY public.auth_permission
    ADD CONSTRAINT auth_permission_pkey PRIMARY KEY (id);


--
-- Name: authtoken_token authtoken_token_pkey; Type: CONSTRAINT; Schema: public; Owner: postgres
--

ALTER TABLE ONLY public.authtoken_token
    ADD CONSTRAINT authtoken_token_pkey PRIMARY KEY (key);


--
-- Name: authtoken_token authtoken_token_user_id_key; Type: CONSTRAINT; Schema: public; Owner: postgres
--

ALTER TABLE ONLY public.authtoken_token
    ADD CONSTRAINT authtoken_token_user_id_key UNIQUE (user_id);


--
-- Name: component component_pkey; Type: CONSTRAINT; Schema: public; Owner: postgres
--

ALTER TABLE ONLY public.component
    ADD CONSTRAINT component_pkey PRIMARY KEY (id);


--
-- Name: django_admin_log django_admin_log_pkey; Type: CONSTRAINT; Schema: public; Owner: postgres
--

ALTER TABLE ONLY public.django_admin_log
    ADD CONSTRAINT django_admin_log_pkey PRIMARY KEY (id);


--
-- Name: django_content_type django_content_type_app_label_model_76bd3d3b_uniq; Type: CONSTRAINT; Schema: public; Owner: postgres
--

ALTER TABLE ONLY public.django_content_type
    ADD CONSTRAINT django_content_type_app_label_model_76bd3d3b_uniq UNIQUE (app_label, model);


--
-- Name: django_content_type django_content_type_pkey; Type: CONSTRAINT; Schema: public; Owner: postgres
--

ALTER TABLE ONLY public.django_content_type
    ADD CONSTRAINT django_content_type_pkey PRIMARY KEY (id);


--
-- Name: django_migrations django_migrations_pkey; Type: CONSTRAINT; Schema: public; Owner: postgres
--

ALTER TABLE ONLY public.django_migrations
    ADD CONSTRAINT django_migrations_pkey PRIMARY KEY (id);


--
-- Name: django_session django_session_pkey; Type: CONSTRAINT; Schema: public; Owner: postgres
--

ALTER TABLE ONLY public.django_session
    ADD CONSTRAINT django_session_pkey PRIMARY KEY (session_key);


--
-- Name: inventory_component inventory_component_pkey; Type: CONSTRAINT; Schema: public; Owner: postgres
--

ALTER TABLE ONLY public.inventory_component
    ADD CONSTRAINT inventory_component_pkey PRIMARY KEY (id);


--
-- Name: inventory_inventory_components inventory_inventory_comp_inventory_id_component_i_ce8187e5_uniq; Type: CONSTRAINT; Schema: public; Owner: postgres
--

ALTER TABLE ONLY public.inventory_inventory_components
    ADD CONSTRAINT inventory_inventory_comp_inventory_id_component_i_ce8187e5_uniq UNIQUE (inventory_id, component_id);


--
-- Name: inventory_inventory_components inventory_inventory_components_pkey; Type: CONSTRAINT; Schema: public; Owner: postgres
--

ALTER TABLE ONLY public.inventory_inventory_components
    ADD CONSTRAINT inventory_inventory_components_pkey PRIMARY KEY (id);


--
-- Name: inventory_inventory inventory_inventory_pkey; Type: CONSTRAINT; Schema: public; Owner: postgres
--

ALTER TABLE ONLY public.inventory_inventory
    ADD CONSTRAINT inventory_inventory_pkey PRIMARY KEY (id);


--
-- Name: users_customuser_groups users_customuser_groups_customuser_id_group_id_76b619e3_uniq; Type: CONSTRAINT; Schema: public; Owner: postgres
--

ALTER TABLE ONLY public.users_customuser_groups
    ADD CONSTRAINT users_customuser_groups_customuser_id_group_id_76b619e3_uniq UNIQUE (customuser_id, group_id);


--
-- Name: users_customuser_groups users_customuser_groups_pkey; Type: CONSTRAINT; Schema: public; Owner: postgres
--

ALTER TABLE ONLY public.users_customuser_groups
    ADD CONSTRAINT users_customuser_groups_pkey PRIMARY KEY (id);


--
-- Name: users_customuser users_customuser_pkey; Type: CONSTRAINT; Schema: public; Owner: postgres
--

ALTER TABLE ONLY public.users_customuser
    ADD CONSTRAINT users_customuser_pkey PRIMARY KEY (id);


--
-- Name: users_customuser_user_permissions users_customuser_user_pe_customuser_id_permission_7a7debf6_uniq; Type: CONSTRAINT; Schema: public; Owner: postgres
--

ALTER TABLE ONLY public.users_customuser_user_permissions
    ADD CONSTRAINT users_customuser_user_pe_customuser_id_permission_7a7debf6_uniq UNIQUE (customuser_id, permission_id);


--
-- Name: users_customuser_user_permissions users_customuser_user_permissions_pkey; Type: CONSTRAINT; Schema: public; Owner: postgres
--

ALTER TABLE ONLY public.users_customuser_user_permissions
    ADD CONSTRAINT users_customuser_user_permissions_pkey PRIMARY KEY (id);


--
-- Name: users_customuser users_customuser_username_key; Type: CONSTRAINT; Schema: public; Owner: postgres
--

ALTER TABLE ONLY public.users_customuser
    ADD CONSTRAINT users_customuser_username_key UNIQUE (username);


--
-- Name: auth_group_name_a6ea08ec_like; Type: INDEX; Schema: public; Owner: postgres
--

CREATE INDEX auth_group_name_a6ea08ec_like ON public.auth_group USING btree (name varchar_pattern_ops);


--
-- Name: auth_group_permissions_group_id_b120cbf9; Type: INDEX; Schema: public; Owner: postgres
--

CREATE INDEX auth_group_permissions_group_id_b120cbf9 ON public.auth_group_permissions USING btree (group_id);


--
-- Name: auth_group_permissions_permission_id_84c5c92e; Type: INDEX; Schema: public; Owner: postgres
--

CREATE INDEX auth_group_permissions_permission_id_84c5c92e ON public.auth_group_permissions USING btree (permission_id);


--
-- Name: auth_permission_content_type_id_2f476e4b; Type: INDEX; Schema: public; Owner: postgres
--

CREATE INDEX auth_permission_content_type_id_2f476e4b ON public.auth_permission USING btree (content_type_id);


--
-- Name: authtoken_token_key_10f0b77e_like; Type: INDEX; Schema: public; Owner: postgres
--

CREATE INDEX authtoken_token_key_10f0b77e_like ON public.authtoken_token USING btree (key varchar_pattern_ops);


--
-- Name: django_admin_log_content_type_id_c4bce8eb; Type: INDEX; Schema: public; Owner: postgres
--

CREATE INDEX django_admin_log_content_type_id_c4bce8eb ON public.django_admin_log USING btree (content_type_id);


--
-- Name: django_admin_log_user_id_c564eba6; Type: INDEX; Schema: public; Owner: postgres
--

CREATE INDEX django_admin_log_user_id_c564eba6 ON public.django_admin_log USING btree (user_id);


--
-- Name: django_session_expire_date_a5c62663; Type: INDEX; Schema: public; Owner: postgres
--

CREATE INDEX django_session_expire_date_a5c62663 ON public.django_session USING btree (expire_date);


--
-- Name: django_session_session_key_c0390e0f_like; Type: INDEX; Schema: public; Owner: postgres
--

CREATE INDEX django_session_session_key_c0390e0f_like ON public.django_session USING btree (session_key varchar_pattern_ops);


--
-- Name: inventory_inventory_author_id_8ea76f26; Type: INDEX; Schema: public; Owner: postgres
--

CREATE INDEX inventory_inventory_author_id_8ea76f26 ON public.inventory_inventory USING btree (author_id);


--
-- Name: inventory_inventory_components_component_id_308a46af; Type: INDEX; Schema: public; Owner: postgres
--

CREATE INDEX inventory_inventory_components_component_id_308a46af ON public.inventory_inventory_components USING btree (component_id);


--
-- Name: inventory_inventory_components_inventory_id_c6ce5061; Type: INDEX; Schema: public; Owner: postgres
--

CREATE INDEX inventory_inventory_components_inventory_id_c6ce5061 ON public.inventory_inventory_components USING btree (inventory_id);


--
-- Name: users_customuser_groups_customuser_id_958147bf; Type: INDEX; Schema: public; Owner: postgres
--

CREATE INDEX users_customuser_groups_customuser_id_958147bf ON public.users_customuser_groups USING btree (customuser_id);


--
-- Name: users_customuser_groups_group_id_01390b14; Type: INDEX; Schema: public; Owner: postgres
--

CREATE INDEX users_customuser_groups_group_id_01390b14 ON public.users_customuser_groups USING btree (group_id);


--
-- Name: users_customuser_user_permissions_customuser_id_5771478b; Type: INDEX; Schema: public; Owner: postgres
--

CREATE INDEX users_customuser_user_permissions_customuser_id_5771478b ON public.users_customuser_user_permissions USING btree (customuser_id);


--
-- Name: users_customuser_user_permissions_permission_id_baaa2f74; Type: INDEX; Schema: public; Owner: postgres
--

CREATE INDEX users_customuser_user_permissions_permission_id_baaa2f74 ON public.users_customuser_user_permissions USING btree (permission_id);


--
-- Name: users_customuser_username_80452fdf_like; Type: INDEX; Schema: public; Owner: postgres
--

CREATE INDEX users_customuser_username_80452fdf_like ON public.users_customuser USING btree (username varchar_pattern_ops);


--
-- Name: auth_group_permissions auth_group_permissio_permission_id_84c5c92e_fk_auth_perm; Type: FK CONSTRAINT; Schema: public; Owner: postgres
--

ALTER TABLE ONLY public.auth_group_permissions
    ADD CONSTRAINT auth_group_permissio_permission_id_84c5c92e_fk_auth_perm FOREIGN KEY (permission_id) REFERENCES public.auth_permission(id) DEFERRABLE INITIALLY DEFERRED;


--
-- Name: auth_group_permissions auth_group_permissions_group_id_b120cbf9_fk_auth_group_id; Type: FK CONSTRAINT; Schema: public; Owner: postgres
--

ALTER TABLE ONLY public.auth_group_permissions
    ADD CONSTRAINT auth_group_permissions_group_id_b120cbf9_fk_auth_group_id FOREIGN KEY (group_id) REFERENCES public.auth_group(id) DEFERRABLE INITIALLY DEFERRED;


--
-- Name: auth_permission auth_permission_content_type_id_2f476e4b_fk_django_co; Type: FK CONSTRAINT; Schema: public; Owner: postgres
--

ALTER TABLE ONLY public.auth_permission
    ADD CONSTRAINT auth_permission_content_type_id_2f476e4b_fk_django_co FOREIGN KEY (content_type_id) REFERENCES public.django_content_type(id) DEFERRABLE INITIALLY DEFERRED;


--
-- Name: authtoken_token authtoken_token_user_id_35299eff_fk_users_customuser_id; Type: FK CONSTRAINT; Schema: public; Owner: postgres
--

ALTER TABLE ONLY public.authtoken_token
    ADD CONSTRAINT authtoken_token_user_id_35299eff_fk_users_customuser_id FOREIGN KEY (user_id) REFERENCES public.users_customuser(id) DEFERRABLE INITIALLY DEFERRED;


--
-- Name: django_admin_log django_admin_log_content_type_id_c4bce8eb_fk_django_co; Type: FK CONSTRAINT; Schema: public; Owner: postgres
--

ALTER TABLE ONLY public.django_admin_log
    ADD CONSTRAINT django_admin_log_content_type_id_c4bce8eb_fk_django_co FOREIGN KEY (content_type_id) REFERENCES public.django_content_type(id) DEFERRABLE INITIALLY DEFERRED;


--
-- Name: django_admin_log django_admin_log_user_id_c564eba6_fk_users_customuser_id; Type: FK CONSTRAINT; Schema: public; Owner: postgres
--

ALTER TABLE ONLY public.django_admin_log
    ADD CONSTRAINT django_admin_log_user_id_c564eba6_fk_users_customuser_id FOREIGN KEY (user_id) REFERENCES public.users_customuser(id) DEFERRABLE INITIALLY DEFERRED;


--
-- Name: inventory_inventory_components inventory_inventory__inventory_id_c6ce5061_fk_inventory; Type: FK CONSTRAINT; Schema: public; Owner: postgres
--

ALTER TABLE ONLY public.inventory_inventory_components
    ADD CONSTRAINT inventory_inventory__inventory_id_c6ce5061_fk_inventory FOREIGN KEY (inventory_id) REFERENCES public.inventory_inventory(id) DEFERRABLE INITIALLY DEFERRED;


--
-- Name: inventory_inventory inventory_inventory_author_id_8ea76f26_fk_users_customuser_id; Type: FK CONSTRAINT; Schema: public; Owner: postgres
--

ALTER TABLE ONLY public.inventory_inventory
    ADD CONSTRAINT inventory_inventory_author_id_8ea76f26_fk_users_customuser_id FOREIGN KEY (author_id) REFERENCES public.users_customuser(id) DEFERRABLE INITIALLY DEFERRED;


--
-- Name: users_customuser_groups users_customuser_gro_customuser_id_958147bf_fk_users_cus; Type: FK CONSTRAINT; Schema: public; Owner: postgres
--

ALTER TABLE ONLY public.users_customuser_groups
    ADD CONSTRAINT users_customuser_gro_customuser_id_958147bf_fk_users_cus FOREIGN KEY (customuser_id) REFERENCES public.users_customuser(id) DEFERRABLE INITIALLY DEFERRED;


--
-- Name: users_customuser_groups users_customuser_groups_group_id_01390b14_fk_auth_group_id; Type: FK CONSTRAINT; Schema: public; Owner: postgres
--

ALTER TABLE ONLY public.users_customuser_groups
    ADD CONSTRAINT users_customuser_groups_group_id_01390b14_fk_auth_group_id FOREIGN KEY (group_id) REFERENCES public.auth_group(id) DEFERRABLE INITIALLY DEFERRED;


--
-- Name: users_customuser_user_permissions users_customuser_use_customuser_id_5771478b_fk_users_cus; Type: FK CONSTRAINT; Schema: public; Owner: postgres
--

ALTER TABLE ONLY public.users_customuser_user_permissions
    ADD CONSTRAINT users_customuser_use_customuser_id_5771478b_fk_users_cus FOREIGN KEY (customuser_id) REFERENCES public.users_customuser(id) DEFERRABLE INITIALLY DEFERRED;


--
-- Name: users_customuser_user_permissions users_customuser_use_permission_id_baaa2f74_fk_auth_perm; Type: FK CONSTRAINT; Schema: public; Owner: postgres
--

ALTER TABLE ONLY public.users_customuser_user_permissions
    ADD CONSTRAINT users_customuser_use_permission_id_baaa2f74_fk_auth_perm FOREIGN KEY (permission_id) REFERENCES public.auth_permission(id) DEFERRABLE INITIALLY DEFERRED;


--
-- PostgreSQL database dump complete
--

